[{"model": "auth.user", "pk": 1, "fields": {"password": "pbkdf2_sha256$120000$J8DkDljGxi9o$+wzav8BKQBXuvCzQczU9rRcaL8jK5UXwcIUcU5IesQc=", "last_login": "2019-11-15T04:27:50.083Z", "is_superuser": true, "username": "admin", "first_name": "", "last_name": "", "email": "admin@ad.ad", "is_staff": true, "is_active": true, "date_joined": "2019-11-08T08:14:39.246Z", "groups": [], "user_permissions": []}}, {"model": "auth.user", "pk": 2, "fields": {"password": "pbkdf2_sha256$120000$Yt0l1K8V7zs7$3HUzKvgGCkhSP5Dv3EMukXsU7lcV/c7oJXYyXM68cJs=", "last_login": null, "is_superuser": false, "username": "\u0422\u0435\u0441\u0442", "first_name": "", "last_name": "", "email": "", "is_staff": false, "is_active": true, "date_joined": "2019-11-13T07:27:13.463Z", "groups": [], "user_permissions": []}}, {"model": "auth.user", "pk": 3, "fields": {"password": "pbkdf2_sha256$120000$9Ev4dM8VYynO$ToxZ6OetaIuHrjG6gaPxpbQyFPiGBdwfLKjab71BioE=", "last_login": null, "is_superuser": false, "username": "asdd@as.as", "first_name": "", "last_name": "", "email": "", "is_staff": false, "is_active": true, "date_joined": "2019-11-13T07:49:04.703Z", "groups": [], "user_permissions": []}}, {"model": "auth.user", "pk": 4, "fields": {"password": "pbkdf2_sha256$120000$pHAR1uw0NPJZ$R9Ff0DxWEXpu35VzktoV0iScTyoCz/1Ft1tv6woftUs=", "last_login": null, "is_superuser": false, "username": "Test", "first_name": "", "last_name": "", "email": "", "is_staff": false, "is_active": true, "date_joined": "2019-11-13T08:03:52.692Z", "groups": [], "user_permissions": []}}, {"model": "auth.user", "pk": 5, "fields": {"password": "pbkdf2_sha256$120000$PQoJznzzYaI0$M++DfWe0CCAKoMgMZLY3lCp1Y9gN9EGtsftHCXCzWCw=", "last_login": null, "is_superuser": false, "username": "test", "first_name": "", "last_name": "", "email": "", "is_staff": false, "is_active": true, "date_joined": "2019-11-13T11:14:29.116Z", "groups": [], "user_permissions": []}}, {"model": "auth.user", "pk": 6, "fields": {"password": "pbkdf2_sha256$120000$6XbEp3UonUu9$7zy9p0W3AGuUQ9YL1hjNjYGJvtSHmRBGRv0SbxQ3j9g=", "last_login": null, "is_superuser": false, "username": "test1", "first_name": "", "last_name": "", "email": "test1@as.as", "is_staff": false, "is_active": true, "date_joined": "2019-11-13T11:17:46.883Z", "groups": [], "user_permissions": []}}, {"model": "auth.user", "pk": 7, "fields": {"password": "pbkdf2_sha256$120000$nyAfyaGlkcmD$IRE8mworbsJDmO5W0UDbCsxY+VMBcQCwKNrrTWvhxs0=", "last_login": "2019-11-13T12:37:05.785Z", "is_superuser": false, "username": "kseniya@mail.ru", "first_name": "\u041a\u0441\u0435\u043d\u0438\u044f", "last_name": "", "email": "kseniya@mail.ru", "is_staff": false, "is_active": true, "date_joined": "2019-11-13T11:22:56.725Z", "groups": [], "user_permissions": []}}, {"model": "auth.user", "pk": 8, "fields": {"password": "pbkdf2_sha256$120000$fKweO3WrkmgW$6BnvxfzwViPUQVTYelbnhKwsZH9njdwsoNH+iOCGJvc=", "last_login": "2019-11-20T03:33:23.966Z", "is_superuser": false, "username": "luda@mail.ru", "first_name": "\u041b\u044e\u0434\u043c\u0438\u043b\u0430", "last_name": "", "email": "luda@mail.ru", "is_staff": false, "is_active": true, "date_joined": "2019-11-20T03:15:02.727Z", "groups": [], "user_permissions": []}}, {"model": "sessions.session", "pk": "723dx7j0uvy3hl4kcjma3xiwnh2lwd6y", "fields": {"session_data": "YjFkMDdhZGIxYjM4YTA5NDI3Yjc4M2I2NTNkNWExOTUxOTE4MTI0Yzp7Il9hdXRoX3VzZXJfaWQiOiIxIiwiX2F1dGhfdXNlcl9iYWNrZW5kIjoiZGphbmdvLmNvbnRyaWIuYXV0aC5iYWNrZW5kcy5Nb2RlbEJhY2tlbmQiLCJfYXV0aF91c2VyX2hhc2giOiI0ZmQ3N2M3ZDVhNDA5MDg2YTU3ZmU5MTk4NTM0MTU3ZTZlZTkwYWY3In0=", "expire_date": "2019-11-28T13:29:21.782Z"}}, {"model": "app.section", "pk": 1, "fields": {"name": "\u0421\u043c\u0430\u0440\u0442\u0444\u043e\u043d\u044b", "slug": "smartphones"}}, {"model": "app.section", "pk": 2, "fields": {"name": "\u041e\u0434\u0435\u0436\u0434\u0430", "slug": "clothes"}}, {"model": "app.section", "pk": 3, "fields": {"name": "\u0410\u043a\u0441\u0435\u0441\u0441\u0443\u0430\u0440\u044b", "slug": "accessories"}}, {"model": "app.product", "pk": 1, "fields": {"name": "Samsung S8", "image": "samsungs8.webp", "description": "\u041a\u0440\u0430\u0441\u0438\u0432\u044b\u0439 \u0442\u0435\u043b\u0435\u0444\u043e\u043d \u0441 \u043f\u043e\u043b\u0435\u0437\u043d\u044b\u043c\u0438 \u043e\u043f\u0446\u0438\u044f\u043c\u0438.", "price": 5777, "slug": "samsung-s8", "section": 1}}, {"model": "app.product", "pk": 2, "fields": {"name": "iPhone 7", "image": "iphone7.webp", "description": "\u041a\u043e\u043c\u043f\u0430\u043a\u0442\u043d\u044b\u0439 \u0442\u0435\u043b\u0435\u0444\u043e\u043d.", "price": 37130, "slug": "iphone-7", "section": 1}}, {"model": "app.product", "pk": 3, "fields": {"name": "Pixel 2", "image": "pixel2.webp", "description": "\u0422\u0435\u043b\u0435\u0444\u043e\u043d \u0441 \u0445\u043e\u0440\u043e\u0448\u0435\u0439 \u043a\u0430\u043c\u0435\u0440\u043e\u0439.", "price": 32300, "slug": "pixel-2", "section": 1}}, {"model": "app.product", "pk": 4, "fields": {"name": "Nexus 5x", "image": "nexus5x.webp", "description": "\u0421\u043e\u0432\u0440\u0435\u043c\u0435\u043d\u043d\u044b\u0439 \u0442\u0435\u043b\u0435\u0444\u043e\u043d.", "price": 20000, "slug": "nexus-5x", "section": 1}}, {"model": "app.product", "pk": 5, "fields": {"name": "\u0424\u0443\u0444\u0430\u0439\u043a\u0430", "image": "fufajka.jpg", "description": "\u0423\u0434\u043e\u0431\u043d\u0430\u044f \u043a\u043e\u0444\u0442\u0430 \u0432 \u043f\u043e\u043b\u043e\u0441\u043a\u0443.", "price": 200, "slug": "singlet", "section": 2}}, {"model": "app.product", "pk": 6, "fields": {"name": "Test", "image": "pixel2_8PKUwrh.webp", "description": "sdfdsfdsf", "price": 2343, "slug": "test", "section": 1}}, {"model": "app.product", "pk": 7, "fields": {"name": "test1", "image": "samsungs8_xYuTbW0.webp", "description": "dddddddddddddddd", "price": 250, "slug": "test1", "section": 1}}, {"model": "app.product", "pk": 8, "fields": {"name": "test2", "image": "pixel2_lLm3a4D.webp", "description": "ddddddddddddddddddd", "price": 52, "slug": "test2", "section": 1}}, {"model": "app.product", "pk": 9, "fields": {"name": "test3", "image": "nexus5x_qhMK7oR.webp", "description": "sdfsf", "price": 15, "slug": "test3", "section": 1}}, {"model": "app.product", "pk": 10, "fields": {"name": "test4", "image": "nexus5x_CYSbZIE.webp", "description": "asdasd", "price": 959, "slug": "test4", "section": 1}}, {"model": "app.product", "pk": 11, "fields": {"name": "test5", "image": "iphone7_wkqdYM7.webp", "description": "asdasdasd", "price": 156, "slug": "test5", "section": 1}}, {"model": "app.product", "pk": 12, "fields": {"name": "test6", "image": "samsungs8_9hc4mR4.webp", "description": "asdasd", "price": 145, "slug": "test6", "section": 1}}, {"model": "app.product", "pk": 13, "fields": {"name": "test7", "image": "pixel2_pqi4u6Z.webp", "description": "sss", "price": 5555, "slug": "test7", "section": 1}}, {"model": "app.product", "pk": 14, "fields": {"name": "test8", "image": "nexus5x_48XJlHl.webp", "description": "sdssfdsf", "price": 516, "slug": "test8", "section": 1}}, {"model": "app.article", "pk": 1, "fields": {"name": "\u041d\u0435 \u0437\u043d\u0430\u0435\u0442\u0435 \u0447\u0442\u043e \u043e\u0434\u0435\u0442\u044c \u043b\u0435\u0442\u043e\u043c?", "text": "\u0412\u043e\u0442 \u0447\u0442\u043e \u043c\u044b \u043c\u043e\u0436\u0435\u043c \u043f\u0440\u0435\u0434\u043b\u043e\u0436\u0438\u0442\u044c:", "date_created": "2019-11-15T14:00:10.920Z", "products": [5]}}, {"model": "app.article", "pk": 2, "fields": {"name": "\u0414\u043e\u0431\u0440\u043e \u043f\u043e\u0436\u0430\u043b\u043e\u0432\u0430\u0442\u044c \u043d\u0430 \u0441\u0430\u0439\u0442 \u043f\u0440\u043e\u0441\u0442\u043e \u043c\u0430\u0433\u0430\u0437\u0438\u043d\u0430", "text": "\u041b\u0443\u0447\u0448\u0438\u0435 \u043c\u043e\u0431\u0438\u043b\u044b \u0442\u043e\u043b\u044c\u043a\u043e \u0443 \u043d\u0430\u0441:", "date_created": "2019-11-15T14:00:42.708Z", "products": [2, 3, 4]}}, {"model": "app.review", "pk": 2, "fields": {"text": "\u041c\u043d\u0435 \u043d\u0435 \u043e\u0447\u0435\u043d\u044c \u043d\u0440\u0430\u0432\u0438\u0442\u0441\u044f", "rating": 1, "product": 1, "author": "\u041c\u0430\u0440\u0438\u044f"}}, {"model": "app.review", "pk": 3, "fields": {"text": "\u0425\u043e\u0440\u043e\u0448", "rating": 4, "product": 1, "author": "\u0418\u0432\u0430\u043d"}}, {"model": "app.review", "pk": 4, "fields": {"text": "\u041d\u0435\u0447\u0435\u0433\u043e \u0441\u043a\u0430\u0437\u0430\u0442\u044c", "rating": 3, "product": 1, "author": "\u041b\u0438\u0437\u0430"}}, {"model": "app.review", "pk": 5, "fields": {"text": "\u0421\u0430\u043c\u044b\u0439 \u043b\u0443\u0447\u0448\u0438\u0439", "rating": 5, "product": 3, "author": "\u041b\u044e\u0434\u043c\u0438\u043b\u0430"}}, {"model": "app.reviewproductrelation", "pk": 1, "fields": {"product": 1, "review": 2}}, {"model": "app.reviewproductrelation", "pk": 2, "fields": {"product": 1, "review": 3}}, {"model": "app.reviewproductrelation", "pk": 3, "fields": {"product": 1, "review": 4}}, {"model": "app.reviewproductrelation", "pk": 4, "fields": {"product": 3, "review": 5}}, {"model": "app.order", "pk": 1, "fields": {"customer": 1, "total": 80984, "complete": true}}, {"model": "app.order", "pk": 2, "fields": {"customer": 1, "total": 74260, "complete": true}}, {"model": "app.order", "pk": 3, "fields": {"customer": 1, "total": 32300, "complete": true}}, {"model": "app.order", "pk": 4, "fields": {"customer": 1, "total": 32300, "complete": true}}, {"model": "app.order", "pk": 5, "fields": {"customer": 1, "total": 37130, "complete": true}}, {"model": "app.order", "pk": 6, "fields": {"customer": 1, "total": 0, "complete": false}}, {"model": "app.order", "pk": 7, "fields": {"customer": 8, "total": 0, "complete": false}}, {"model": "app.orderproductrelation", "pk": 5, "fields": {"order": 1, "product": 1, "amount": 2, "total": 17331}}, {"model": "app.orderproductrelation", "pk": 6, "fields": {"order": 1, "product": 2, "amount": 1, "total": 37130}}, {"model": "app.orderproductrelation", "pk": 7, "fields": {"order": 1, "product": 3, "amount": 1, "total": 32300}}, {"model": "app.orderproductrelation", "pk": 8, "fields": {"order": 2, "product": 2, "amount": 2, "total": 111390}}, {"model": "app.orderproductrelation", "pk": 9, "fields": {"order": 3, "product": 3, "amount": 1, "total": 32300}}, {"model": "app.orderproductrelation", "pk": 10, "fields": {"order": 4, "product": 3, "amount": 1, "total": 32300}}, {"model": "app.orderproductrelation", "pk": 11, "fields": {"order": 5, "product": 2, "amount": 1, "total": 37130}}, {"model": "admin.logentry", "pk": 1, "fields": {"action_time": "2019-11-15T04:38:56.065Z", "user": 1, "content_type": 11, "object_id": "1", "object_repr": "\u0421\u043c\u0430\u0440\u0442\u0444\u043e\u043d\u044b", "action_flag": 1, "change_message": "[{\"added\": {}}]"}}, {"model": "admin.logentry", "pk": 2, "fields": {"action_time": "2019-11-15T04:39:05.598Z", "user": 1, "content_type": 10, "object_id": "1", "object_repr": "Samsung S8", "action_flag": 1, "change_message": "[{\"added\": {}}]"}}, {"model": "admin.logentry", "pk": 3, "fields": {"action_time": "2019-11-15T04:39:53.751Z", "user": 1, "content_type": 10, "object_id": "2", "object_repr": "iPhone 7", "action_flag": 1, "change_message": "[{\"added\": {}}]"}}, {"model": "admin.logentry", "pk": 4, "fields": {"action_time": "2019-11-15T04:40:43.134Z", "user": 1, "content_type": 10, "object_id": "3", "object_repr": "Pixel 2", "action_flag": 1, "change_message": "[{\"added\": {}}]"}}, {"model": "admin.logentry", "pk": 5, "fields": {"action_time": "2019-11-15T04:43:00.179Z", "user": 1, "content_type": 10, "object_id": "4", "object_repr": "Nexus 5x", "action_flag": 1, "change_message": "[{\"added\": {}}]"}}, {"model": "admin.logentry", "pk": 6, "fields": {"action_time": "2019-11-15T04:48:59.741Z", "user": 1, "content_type": 11, "object_id": "2", "object_repr": "\u041e\u0434\u0435\u0436\u0434\u0430", "action_flag": 1, "change_message": "[{\"added\": {}}]"}}, {"model": "admin.logentry", "pk": 7, "fields": {"action_time": "2019-11-15T04:49:04.508Z", "user": 1, "content_type": 10, "object_id": "5", "object_repr": "\u0424\u0443\u0444\u0430\u0439\u043a\u0430", "action_flag": 1, "change_message": "[{\"added\": {}}]"}}, {"model": "admin.logentry", "pk": 8, "fields": {"action_time": "2019-11-15T10:47:36.270Z", "user": 1, "content_type": 13, "object_id": "1", "object_repr": "\u041d\u0435 \u0437\u043d\u0430\u0435\u0442\u0435 \u0447\u0442\u043e \u043e\u0434\u0435\u0442\u044c \u043b\u0435\u0442\u043e\u043c?", "action_flag": 1, "change_message": "[{\"added\": {}}]"}}, {"model": "admin.logentry", "pk": 9, "fields": {"action_time": "2019-11-15T11:03:03.462Z", "user": 1, "content_type": 13, "object_id": "2", "object_repr": "\u0414\u043e\u0431\u0440\u043e \u043f\u043e\u0436\u0430\u043b\u043e\u0432\u0430\u0442\u044c \u043d\u0430 \u0441\u0430\u0439\u0442 \u043f\u0440\u043e\u0441\u0442\u043e \u043c\u0430\u0433\u0430\u0437\u0438\u043d\u0430", "action_flag": 1, "change_message": "[{\"added\": {}}]"}}, {"model": "admin.logentry", "pk": 10, "fields": {"action_time": "2019-11-15T13:57:54.610Z", "user": 1, "content_type": 13, "object_id": "2", "object_repr": "\u0414\u043e\u0431\u0440\u043e \u043f\u043e\u0436\u0430\u043b\u043e\u0432\u0430\u0442\u044c \u043d\u0430 \u0441\u0430\u0439\u0442 \u043f\u0440\u043e\u0441\u0442\u043e \u043c\u0430\u0433\u0430\u0437\u0438\u043d\u0430 2019-11-15", "action_flag": 3, "change_message": ""}}, {"model": "admin.logentry", "pk": 11, "fields": {"action_time": "2019-11-15T13:57:54.808Z", "user": 1, "content_type": 13, "object_id": "1", "object_repr": "\u041d\u0435 \u0437\u043d\u0430\u0435\u0442\u0435 \u0447\u0442\u043e \u043e\u0434\u0435\u0442\u044c \u043b\u0435\u0442\u043e\u043c? 2019-11-15", "action_flag": 3, "change_message": ""}}, {"model": "admin.logentry", "pk": 12, "fields": {"action_time": "2019-11-15T14:00:10.927Z", "user": 1, "content_type": 13, "object_id": "1", "object_repr": "\u041d\u0435 \u0437\u043d\u0430\u0435\u0442\u0435 \u0447\u0442\u043e \u043e\u0434\u0435\u0442\u044c \u043b\u0435\u0442\u043e\u043c? 2019-11-15 14:00:10.920966+00:00", "action_flag": 1, "change_message": "[{\"added\": {}}]"}}, {"model": "admin.logentry", "pk": 13, "fields": {"action_time": "2019-11-15T14:00:42.747Z", "user": 1, "content_type": 13, "object_id": "2", "object_repr": "\u0414\u043e\u0431\u0440\u043e \u043f\u043e\u0436\u0430\u043b\u043e\u0432\u0430\u0442\u044c \u043d\u0430 \u0441\u0430\u0439\u0442 \u043f\u0440\u043e\u0441\u0442\u043e \u043c\u0430\u0433\u0430\u0437\u0438\u043d\u0430 2019-11-15 14:00:42.708093+00:00", "action_flag": 1, "change_message": "[{\"added\": {}}]"}}, {"model": "admin.logentry", "pk": 14, "fields": {"action_time": "2019-11-15T14:16:10.915Z", "user": 1, "content_type": 11, "object_id": "2", "object_repr": "\u041e\u0434\u0435\u0436\u0434\u0430", "action_flag": 2, "change_message": "[{\"changed\": {\"fields\": [\"slug\"]}}]"}}, {"model": "admin.logentry", "pk": 15, "fields": {"action_time": "2019-11-15T14:16:18.679Z", "user": 1, "content_type": 11, "object_id": "1", "object_repr": "\u0421\u043c\u0430\u0440\u0442\u0444\u043e\u043d\u044b", "action_flag": 2, "change_message": "[{\"changed\": {\"fields\": [\"slug\"]}}]"}}, {"model": "admin.logentry", "pk": 16, "fields": {"action_time": "2019-11-17T10:59:22.809Z", "user": 1, "content_type": 10, "object_id": "5", "object_repr": "\u0424\u0443\u0444\u0430\u0439\u043a\u0430", "action_flag": 2, "change_message": "[{\"changed\": {\"fields\": [\"description\"]}}]"}}, {"model": "admin.logentry", "pk": 17, "fields": {"action_time": "2019-11-17T11:01:07.778Z", "user": 1, "content_type": 10, "object_id": "4", "object_repr": "Nexus 5x", "action_flag": 2, "change_message": "[{\"changed\": {\"fields\": [\"description\"]}}]"}}, {"model": "admin.logentry", "pk": 18, "fields": {"action_time": "2019-11-17T11:01:35.502Z", "user": 1, "content_type": 10, "object_id": "3", "object_repr": "Pixel 2", "action_flag": 2, "change_message": "[{\"changed\": {\"fields\": [\"description\"]}}]"}}, {"model": "admin.logentry", "pk": 19, "fields": {"action_time": "2019-11-17T11:01:48.432Z", "user": 1, "content_type": 10, "object_id": "2", "object_repr": "iPhone 7", "action_flag": 2, "change_message": "[{\"changed\": {\"fields\": [\"description\"]}}]"}}, {"model": "admin.logentry", "pk": 20, "fields": {"action_time": "2019-11-17T11:02:37.278Z", "user": 1, "content_type": 10, "object_id": "1", "object_repr": "Samsung S8", "action_flag": 2, "change_message": "[{\"changed\": {\"fields\": [\"description\"]}}]"}}, {"model": "admin.logentry", "pk": 21, "fields": {"action_time": "2019-11-17T11:43:51.234Z", "user": 1, "content_type": 11, "object_id": "3", "object_repr": "\u0410\u043a\u0441\u0435\u0441\u0441\u0443\u0430\u0440\u044b", "action_flag": 1, "change_message": "[{\"added\": {}}]"}}, {"model": "admin.logentry", "pk": 22, "fields": {"action_time": "2019-11-18T05:13:03.910Z", "user": 1, "content_type": 10, "object_id": "6", "object_repr": "Test", "action_flag": 1, "change_message": "[{\"added\": {}}]"}}, {"model": "admin.logentry", "pk": 23, "fields": {"action_time": "2019-11-18T05:13:40.078Z", "user": 1, "content_type": 10, "object_id": "7", "object_repr": "test1", "action_flag": 1, "change_message": "[{\"added\": {}}]"}}, {"model": "admin.logentry", "pk": 24, "fields": {"action_time": "2019-11-18T05:14:03.519Z", "user": 1, "content_type": 10, "object_id": "8", "object_repr": "test2", "action_flag": 1, "change_message": "[{\"added\": {}}]"}}, {"model": "admin.logentry", "pk": 25, "fields": {"action_time": "2019-11-18T05:17:09.205Z", "user": 1, "content_type": 10, "object_id": "9", "object_repr": "test3", "action_flag": 1, "change_message": "[{\"added\": {}}]"}}, {"model": "admin.logentry", "pk": 26, "fields": {"action_time": "2019-11-18T05:17:29.844Z", "user": 1, "content_type": 10, "object_id": "10", "object_repr": "test4", "action_flag": 1, "change_message": "[{\"added\": {}}]"}}, {"model": "admin.logentry", "pk": 27, "fields": {"action_time": "2019-11-18T05:17:54.966Z", "user": 1, "content_type": 10, "object_id": "11", "object_repr": "test5", "action_flag": 1, "change_message": "[{\"added\": {}}]"}}, {"model": "admin.logentry", "pk": 28, "fields": {"action_time": "2019-11-18T05:18:15.833Z", "user": 1, "content_type": 10, "object_id": "12", "object_repr": "test6", "action_flag": 1, "change_message": "[{\"added\": {}}]"}}, {"model": "admin.logentry", "pk": 29, "fields": {"action_time": "2019-11-18T05:18:42.166Z", "user": 1, "content_type": 10, "object_id": "13", "object_repr": "test7", "action_flag": 1, "change_message": "[{\"added\": {}}]"}}, {"model": "admin.logentry", "pk": 30, "fields": {"action_time": "2019-11-18T05:19:02.877Z", "user": 1, "content_type": 10, "object_id": "14", "object_repr": "test8", "action_flag": 1, "change_message": "[{\"added\": {}}]"}}, {"model": "admin.logentry", "pk": 31, "fields": {"action_time": "2019-11-19T08:00:01.029Z", "user": 1, "content_type": 7, "object_id": "1", "object_repr": "Order object (1)", "action_flag": 2, "change_message": "[{\"deleted\": {\"name\": \"\\u0417\\u0430\\u043a\\u0430\\u0437-\\u0422\\u043e\\u0432\\u0430\\u0440\", \"object\": \"Order object (1) Samsung S8\"}}, {\"deleted\": {\"name\": \"\\u0417\\u0430\\u043a\\u0430\\u0437-\\u0422\\u043e\\u0432\\u0430\\u0440\", \"object\": \"Order object (1) iPhone 7\"}}]"}}, {"model": "admin.logentry", "pk": 32, "fields": {"action_time": "2019-11-19T08:02:30.914Z", "user": 1, "content_type": 7, "object_id": "1", "object_repr": "Order object (1)", "action_flag": 2, "change_message": "[{\"deleted\": {\"name\": \"\\u0417\\u0430\\u043a\\u0430\\u0437-\\u0422\\u043e\\u0432\\u0430\\u0440\", \"object\": \"Order object (1) Samsung S8\"}}, {\"deleted\": {\"name\": \"\\u0417\\u0430\\u043a\\u0430\\u0437-\\u0422\\u043e\\u0432\\u0430\\u0440\", \"object\": \"Order object (1) iPhone 7\"}}]"}}, {"model": "admin.logentry", "pk": 33, "fields": {"action_time": "2019-11-19T16:36:08.962Z", "user": 1, "content_type": 12, "object_id": "1", "object_repr": "Samsung S8(\u041c\u0430\u0440\u0438\u044f) \u041c\u043d\u0435 \u043d\u0435 \u043f\u043e\u043d\u0440\u0430\u0432\u0438\u043b\u0441\u044f", "action_flag": 3, "change_message": ""}}]